recordnum,weight,case,authors,title,source,volume,issue,beginpage,endingpage,year,abstract,timescited,pubmedid,inTitle,inAbstr,inKW,pilot,popEst,svMEx,SubSvEx,intExp,dataAug,dataVer,webDCol,fDatCode,wDatCode,wSurv,othOnly,repProc,repQual,repCrit,repDemg,repMny,repRes,validate,caveat,NOTES,Disc,provData,provInst,irb,exttool,focus,reptVart,rndSubs,rndOrder,longit
12,1,1," Miller, Geoffrey", The Smartphone Psychology Manifesto, PERSPECTIVES ON PSYCHOLOGICAL SCIENCE,7,3,221,237,2012," By 2025, when most of today's psychology undergraduates will be in their",81,26168460,0,0,0,0,0,0,0,0,0,0,0,0,0,0,1,0,0,0,0,0,0,,,Suggests 2 uses for Mturk (1) Code attractiveness data supplemental to other data (2) [but recommends against] recruit participants for lab-style study,Psychology/Psychiatry/Social Psychology,0,0,1,1,3,0,0,0,0
13,2,2," Kuperman, Victor Stadthagen-Gonzalez, Hans Brysbaert, Marc"," Age-of-acquisition ratings for 30,000 English words", BEHAVIOR RESEARCH METHODS,44,4,978,990,2012," We present age-of-acquisition (AoA) ratings for 30,121 English content",78,22581493,0,1,1,0,0,0,0,0,0,0,0,0,1,0,0,3,1,2,3,2,3,correlation with other methods for test words,Needed to limit to US workers and have some validation/control procedure,Workers asked Age they learned 362 words to produce AoA rating scale (mean 19 ratings total per word),Linguistics,3,2,0,0,3,0,1,0,0
22,1,3," Jonason, Peter K. Luevano, Victor X. Adams, Heather M.", How the Dark Triad traits predict relationship choices, PERSONALITY AND INDIVIDUAL DIFFERENCES,53,3,180,184,2012," While previous studies have correlated the Dark Triad traits (i.e.,",39,,0,1,0,0,0,0,0,1,2,0,0,0,0,1,0,3,0,0,3,0,2,Internal validity through scale alpha,US only sample,"Used to test correlation of dark triad traits, demog, and relationship type pref across ages",Psychology/Psychiatry/Social Psychology,0,0,0,1,2,0,0,0,0
31,1,4," Curme, Chester Preis, Tobias Stanley, H. Eugene Moat, Helen Susannah", Quantifying the semantics of search behavior before stock market moves, PROCEEDINGS OF THE NATIONAL ACADEMY OF SCIENCES OF THE UNITED STATES OF AMERICA,111,32,11600,11605,2014, Technology is becoming deeply interwoven into the fabric of society. The,22,25071193,0,1,0,0,0,0,0,0,1,0,0,1,0,0,0,3,0,0,0,0,3,Check for face validity of topics and degree of topic overlap,,Only uses Mturk to give names to topic groups; no significance to research,Business/Finance,2,2,0,0,3,0,0,0,0
45,2,5," Tylka, Tracy L. Wood-Barcalow, Nichole L.", The Body Appreciation Scale-2: Item refinement and psychometric evaluation, BODY IMAGE,12,,53,67,2015," Considered a positive body image measure, the 13-item Body Appreciation",16,25462882,0,1,1,1,0,1,0,0,1,1,0,0,0,1,0,3,1,3,3,1,3,Comparison with college sample; correlations with other validated scales; check for measurement invariance by demog,,"After initial college sample, combined Mturk and second college sample for CFA to validate revised scale; Fielded revised version on Mturk after reviewer concern",Psychology/Psychiatry/Social Psychology,0,2,1,1,2,1,0,0,0
64,1,6," Ames, Daniel L. Fiske, Susan T."," Intentional Harms Are Worse, Even When They're Not", PSYCHOLOGICAL SCIENCE,24,9,1755,1762,2013," People and societies seek to combat harmful events. However, because",13,23878021,0,0,0,0,0,0,1,0,0,0,0,0,1,0,0,3,1,3,0,1,1,Repeated with 5 variants,,A series of 5 randomized vignette experiments comparing assesment of harm and guilt for intentional and unintentional harm through society/work (1-3) or ecology (4-5); each addresses potential limitations of previous,Psychology/Psychiatry/Social Psychology,0,2,0,1,2,1,0,0,0
66,1,7," Hepler, Justin Albarracin, Dolores"," Attitudes Without Objects: Evidence for a Dispositional Attitude, Its Measurement, and Its Consequences", JOURNAL OF PERSONALITY AND SOCIAL PSYCHOLOGY,104,6,1060,1076,2013, We hypothesized that individuals may differ in the dispositional,12,23586409,0,0,0,1,0,0,0,0,2,0,0,0,0,1,0,3,0,0,1,1,1,Validation across iterations using convergent/discriminant validity including other previously validated measures and split/test-retest reliability ,"""programming error"" in 1a meant no race/ethnicity data","Used multiple studies alternating College student and Mturk samples to refine and validate scale of dispositional attitude (general pos/neg attitude toward stimuli); Very low pay (e.g. study 1a $0.10 to rate 200 items on 1-7 scale) and high failure rates (e.g. study 3, 112 failed attention check out of 362)",Psychology/Psychiatry/Social Psychology,0,2,0,0,2,1,0,0,0
72,1,8," Cryder, Cynthia E. Loewenstein, George Scheines, Richard", The donor is in the details, ORGANIZATIONAL BEHAVIOR AND HUMAN DECISION PROCESSES,120,1,15,23,2013, Recent research finds that people respond more generously to individual,13,,0,0,0,0,0,0,1,0,1,1,0,0,0,0,0,3,0,2,1,0,1,series of in-person and online experiments used to gradually develop/test hypotheses,,Used Mturk after 2 in-person experiments testing how general/detailed description of charity worker impact potential willingness to donate; Used to cross-validate and expand; used modified second version to rule out alternate hypothesis after first,Business/Finance,0,2,0,1,2,1,0,0,0
81,1,9," Hook, Cayce J. Farah, Martha J.", Look Again: Effects of Brain Images and Mind-Brain Dualism on Lay Evaluations of Research, JOURNAL OF COGNITIVE NEUROSCIENCE,25,9,1397,1405,2013, Brain scans have frequently been credited with uniquely seductive and,12,23879877,0,0,99,0,0,0,1,0,0,0,0,0,0,0,0,3,1,2,2,1,2,sequence of 3 Mturk samples with variants of questions/situations/options/size,sample non-representative of pop (but typical for AMT),Used Mturk to compare lay evaluation  of scientific assertions with vs. w/out fMRI and test the hypothesized allure,Neuroscience,0,1,0,1,2,1,1,0,0
83,1,10," Chua, Roy Y. J.", THE COSTS OF AMBIENT CULTURAL DISHARMONY: INDIRECT INTERCULTURAL CONFLICTS IN SOCIAL ENVIRONMENT UNDERMINE CREATIVITY, ACADEMY OF MANAGEMENT JOURNAL,56,6,1545,1577,2013, Intercultural tensions and conflicts are inevitable in the global,11,,0,0,99,1,0,0,1,0,2,0,0,0,0,1,0,3,1,1,2,1,1,multiple types of AMT data followed by lab experiment,,Collected egonet reports (including +/- relationships for self and between alters) and pilot of new version of standard creativity scales to test theories of the creative effects of cultural harmony/disharmony; did not limit to US participants; randomized order of network/survey portions; Experiment 2 tested priming mechanism in 2x2 of same/diff culture and positive/negative interaction (finding diffXneg only significant difference),Management,0,1,0,1,2,1,0,0,0
89,1,11," Steffens, Niklas K. Haslam, S. Alexander Reicher, Stephen D.", Up close and personal: Evidence that shared social identity is a basis for the 'special' relationship that binds followers to leaders, LEADERSHIP QUARTERLY,25,2,296,313,2014, The present research extends prior work by proposing that followers',10,,0,0,0,0,0,0,0,0,1,1,0,0,1,0,0,3,1,1,1,0,1,compare with experiment,36.9% of eligible participants excluded from analysis because didn't pick party,"As follow-up to in-person experiment, used Mturk to recruit eligible US voters who ID'ed with D/R party and test role of party id, social id, relational id with leader and charisma of leader in evaluation",Leadership,0,1,0,1,2,0,0,0,0
97,1,12," Summerville, Amy Chartier, Christopher R."," Pseudo-dyadic ""interaction"" on Amazon's Mechanical Turk", BEHAVIOR RESEARCH METHODS,45,1,116,124,2013, Psychological researchers have begun to utilize Amazon's Mechanical Turk,9,23055159,1,1,0,1,0,0,0,1,1,1,0,0,1,0,0,3,1,3,0,1,2,series of related tasks; suspicion check in debriefing; report both overall and naïve-only (state they've never done something similar) effects,"suspicion is lower when partner's presence makes sense but not ""obviously central to the research question""; care must be high when not debriefing (i.e. quitting early) could cause harm",Replicated a standard estimation task and 3 standard economic games with ,Psychology/Psychiatry/Social Psychology,0,1,0,1,1,1,0,0,0
109,1,13," Bardeen, Joseph R. Fergus, Thomas A.", Experiential Avoidance as a Moderator of the Relationship Between Anxiety Sensitivity and Perceived Stress, BEHAVIOR THERAPY,44,3,459,469,2013, Given the significant deleterious effects of stress on psychological and,8,23768672,0,0,0,0,0,0,0,0,1,1,0,0,0,1,0,3,0,3,3,1,2,"correlations, consistent with theory and lab study",14.4% failed more than 50% of attentiveness checks,Near-exact replication of lab study to test anxiety/avoidance/stress relationships,Psychology/Psychiatry/Social Psychology,0,1,1,1,2,0,0,0,0
123,1,14," Rouse, Steven V.", A reliability analysis of Mechanical Turk data, COMPUTERS IN HUMAN BEHAVIOR,43,,304,307,2015, Amazon's Mechanical Turk (MTurk) provides researchers with access to a,6,,1,1,0,0,0,0,0,0,0,0,0,0,0,1,0,3,0,3,1,2,2,2x2x2 experiment ($/length/affirmation of attentiveness) testing reliability [8 x n=50],,,Psychology/Psychiatry/Social Psychology,0,1,0,0,1,1,0,0,0
136,1,15," Bartneck, Christoph Duenser, Andreas Moltchanova, Elena Zawieska, Karolina", Comparing the Similarity of Responses Received from Studies in Amazon's Mechanical Turk to Studies Conducted Online and with Direct Recruitment, PLOS ONE,10,4,,,2015, Computer and internet based questionnaires have become a standard tool,5,25876027,1,1,99,0,0,0,0,0,1,1,0,0,1,0,0,3,0,1,0,0,1,"Compared campus sample, web recruited sample, AMT recruited to Qualtrix and AMT base",,Found statistically significant variation between MT and non-MT samples in ratings but not necessarily meaningful,Computer Science,3,2,1,1,1,1,1,0,0
140,1,16," Hao, Tianyong Rusanov, Alexander Boland, Mary Regina Weng, Chunhua", Clustering clinical trials with similar eligibility criteria features, JOURNAL OF BIOMEDICAL INFORMATICS,52,,112,120,2014, Objectives: To automatically identify and cluster clinical trials with,5,24496068,0,1,0,1,0,0,0,0,1,1,0,0,1,0,0,3,0,3,0,2,2,2 phases: 1 to determine threshold of similarity for input and one to get more data with optimal; reinforced each other; note authors describe response to worker appeal well too,[note used only 30 workers total (plus rejected)],Workers evaluated similarity (5-pt Likert) of medical trial eligibility criteria for trials in a large database; fantastic reporting; paid $1.20 for HIT that auto-rejected if spent <20 minutes :(,Biostatistics,0,3,0,0,3,0,0,0,0
147,1,17," Duffy, Ryan D. Allan, Blake A. Autin, Kelsey L. Douglass, Richard P.", Living a Calling and Work Well-Being: A Longitudinal Study, JOURNAL OF COUNSELING PSYCHOLOGY,61,4,605,615,2014, The current study examined the link between living a calling and career,4,25181588,0,0,0,0,0,0,0,0,2,0,0,0,0,1,0,1,1,2,3,1,2,"Compared sample composition to census & scale scores to non-AMT previous results; showed ""living a calling"" not traitlike but related to all 3 over time","[Longitudinal design (using bonuses to recontact) with only 1/3ish recontact, used FIML] [study of work-related fulfilment on Mturk work platform but didn't discuss potential contagion]",CFA of 3-wave Mturk-recruited data collection with 4 work/job related scales,Psychology/Psychiatry/Social Psychology,0,1,0,1,2,0,0,0,1
148,1,18," Rothgerber, Hank", Efforts to overcome vegetarian-induced dissonance among meat eaters, APPETITE,79,,32,41,2014," Meat eaters face dissonance whether it results from inconsistency (""I",5,24727102,0,0,0,0,0,0,1,0,0,0,0,0,0,1,0,1,0,0,1,1,1,,Only presented results on US; didn't plan in advance for sizable Indian participation rate with different vegeratianism norms,Recriuted workers for 5 related studies on cognitive dissonance of omnivores; [note inclusing of 5 studies in same HIT to prevent repeats]; used vignette experiments to simulate effects of exposure to vegetarians,Psychology/Psychiatry/Social Psychology,0,1,0,1,2,1,0,0,0
169,1,19," Marcus, David K. Zeigler-Hill, Virgil Mercer, Sterett H. Norris, Alyssa L.", The Psychology of Spite and the Measurement of Spitefulness, PSYCHOLOGICAL ASSESSMENT,26,2,563,574,2014, Spite is an understudied construct that has been virtually ignored,5,24548150,0,0,0,1,0,0,0,0,1,1,0,0,0,1,0,2,1,0,2,1,2,used Mturk as community sample to supplement/verify university sample; included checks for mesurement invariance etc,Mturk & Univ both white and female (though Mturk better),,Psychology/Psychiatry/Social Psychology,0,1,0,0,2,0,0,1,0
171,1,20," Zou, Christopher Andersen, Judith P. Blosnich, John R."," The Association Between Bullying and Physical Health Among Gay, Lesbian, and Bisexual Individuals", JOURNAL OF THE AMERICAN PSYCHIATRIC NURSES ASSOCIATION,19,6,356,365,2013," Background: Research suggests that lesbian, gay, and bisexual (LGB)",4,24217445,0,0,0,0,0,0,0,0,0,0,0,0,0,1,0,1,1,3,3,2,2,,Non-binary gender ID's and mostly hetero/questioning too small N to include; caution on limited generalizability,Surveyed LGBT+ workers on bullying and physical health problems; found verbal neg impact (mult regression) to G/L & B but physical bullying only impact to B,Psychology/Psychiatry/Social Psychology,0,1,0,1,2,0,0,0,0
178,1,21," Jones, Daniel N.", Risk in the face of retribution: Psychopathic individuals persist in financial misbehavior among the Dark Triad, PERSONALITY AND INDIVIDUAL DIFFERENCES,67,,109,113,2014, Psychopathy is related to parasitic behavior that is both antisocial and,4,,0,0,0,0,0,0,0,1,0,0,0,0,0,1,0,2,0,3,1,1,2,Duplicated in SPSS and R; boostrapped Cis,High rejection rate due to misunderstanding instructions (Q's asked prior to experiment to check),"Experiment where workers could gamble with next person's bonus to get more themselves, but might also risk getting their full bonus eliminated by the next person-- combined with scales to related dark triad and financial misbehavior",Psychology/Psychiatry/Social Psychology,0,1,0,1,2,0,0,0,0
179,1,22," Xu, Xiaowen Mar, Raymond A. Peterson, Jordan B.", Does Cultural Exposure Partially Explain the Association Between Personality and Political Orientation?, PERSONALITY AND SOCIAL PSYCHOLOGY BULLETIN,39,11,1497,1517,2013," Differences in political orientation are partly rooted in personality,",4,23928399,0,0,0,0,0,0,0,0,0,0,0,0,0,1,0,2,1,0,2,1,2,Study agreement and quals only validation,,"Survey with scales plus 4 focal variables (orientation, opennness, conscientiousness, and 1 of 3 exposures) to test if cultural exposure mediated relationship- a=yes with quals",Psychology/Psychiatry/Social Psychology,0,1,0,1,2,1,0,0,0
190,2,23," Thomson, Andrew L. Siegel, Jason T."," A moral act, elevation, and prosocial behavior: Moderators of morality", JOURNAL OF POSITIVE PSYCHOLOGY,8,1,50,64,2013, Elevation refers to the feeling experienced when a moral act is,4,,0,0,0,0,0,0,1,0,0,0,0,0,0,1,0,3,0,2,1,0,1,Open-ended q about vignette served to verify attention,US sample limits generalizability,Used experimentally-varied vignettes (S1-2) or worker recalled stories fitting experimentally varied criteria (3) to test mediators (character of recipient and/or effort required for act)  of relationship between seeing moral act and feeling of elevation,Psychology/Psychiatry/Social Psychology,0,2,1,1,2,1,0,0,0
191,2,24," Xu, Jie van der Schaar, Mihaela", Social Norm Design for Information Exchange Systems with Limited Observations, IEEE JOURNAL ON SELECTED AREAS IN COMMUNICATIONS,30,11,2126,2135,2012," Information exchange systems, such as BitTorrent, Yahoo Answers, Yelp,",4,,0,1,0,0,0,0,0,0,0,0,0,0,0,0,1,0,0,0,0,0,0,,,Did not use Mturk but studied impact of reputation systems on information exchange systems including Mturk,Computer Science,0,0,0,0,1,0,0,0,0
200,1,25," Hsu, Kevin J. Rosenthal, A. M. Bailey, J. Michael", The Psychometric Structure of Items Assessing Autogynephilia, ARCHIVES OF SEXUAL BEHAVIOR,44,5,1301,1312,2015," Autogynephilia, or paraphilic sexual arousal in a man to the thought or",3,25277693,0,0,0,0,0,0,0,0,1,0,0,0,0,1,0,1,1,0,1,0,1,,[Poor motivation for validity as comparison for very different method of recruitment],Used Mturk to create a control (non-autogynephilic) group for a purposive internet-recruited sample of autogynephilic men,Psychology/Psychiatry/Social Psychology,0,1,0,0,2,0,0,0,0
202,1,26," Brady, Timothy F. Alvarez, George A.", No Evidence for a Fixed Object Limit in Working Memory: Spatial Ensemble Representations Inflate Estimates of Working Memory Capacity for Complex Objects, JOURNAL OF EXPERIMENTAL PSYCHOLOGY-LEARNING MEMORY AND COGNITION,41,3,921,929,2015, A central question for models of visual working memory is whether the,3,25419824,0,0,0,0,0,0,1,0,0,1,0,0,1,0,0,2,0,0,0,2,1,compare with previous non-MT experiment and between exps here,,4 experiments on recognizing changes in visual patterns used to test aspects of a theory about how many items can be in working memory,Psychology/Psychiatry/Social Psychology,0,0,0,1,2,1,1,0,0
204,1,27," Norr, Aaron M. Allan, Nicholas P. Boffa, Joseph W. Raines, Amanda M. Schmidt, Norman B.", Validation of the Cyberchondria Severity Scale (CSS): Replication and extension with bifactor modeling, JOURNAL OF ANXIETY DISORDERS,31,,58,64,2015, Internet help seeking behaviors are increasingly common. Despite the,3,25734759,0,0,0,1,0,0,0,0,0,0,0,0,0,1,0,2,1,2,2,1,1,factor loadings; inclusion of existing scale,,One survey of new scale plus existing validated scale; used for CFA of model of relatively undocumented condition,Psychology/Psychiatry/Social Psychology,0,1,1,0,2,0,0,0,0
205,1,28," Richman, Stephanie B. DeWall, C. Nathan Wolff, Michelle N."," Avoiding affection, avoiding altruism: Why is avoidant attachment related to less helping?", PERSONALITY AND INDIVIDUAL DIFFERENCES,76,,193,197,2015," Avoidantly, compared to securely, attached people help less often and",3,,0,1,0,0,0,0,0,0,2,1,0,0,0,1,0,2,0,0,1,1,1,Used with subsequent development in student sample,,Path analysis of relat between avoidant attachment and willingness to donate to charity,Psychology/Psychiatry/Social Psychology,0,1,0,0,2,0,0,0,0
210,1,29," Eisenbarth, Hedwig Lilienfeld, Scott O. Yarkoni, Tal", Using a Genetic Algorithm to Abbreviate the Psychopathic Personality Inventory-Revised (PPI-R), PSYCHOLOGICAL ASSESSMENT,27,1,194,202,2015," Some self-report measures of personality and personality disorders,",3,25436663,0,1,0,1,0,0,0,0,1,1,0,0,0,1,0,1,0,0,1,0,1,Test with other samples; compared listwise/impute/use for missing data with no diff,,Uses workers as community sample to cross-validate results from student samples for algorithmic abbreviation of psychopathy scales,Psychology/Psychiatry/Social Psychology,0,1,0,0,2,0,0,0,0
218,1,30," Stavrositu, Carmen D. Kim, Jinhee", Social media metrics: Third-person perceptions of health information, COMPUTERS IN HUMAN BEHAVIOR,35,,61,67,2014," The present study investigated the role of social media metrics (i.e.,",3,,0,0,0,0,0,0,1,0,0,0,0,0,0,1,0,2,1,0,2,0,2,"Manipulation check (""to assesss the efficacy of the experimental manipulation"", although its administration after exposure before survey could have primed workers)",,Workers shown identical story w/5 different quantities of social media activity displayed to compare perceived influence and behavioral intentions,Psychology/Psychiatry/Social Psychology,0,1,0,1,2,1,0,0,0
220,1,31," Lebowitz, Matthew S. Pyun, John J. Alm, Woo-Kyoung", Biological Explanations of Generalized Anxiety Disorder: Effects on Beliefs About Prognosis and Responsibility, PSYCHIATRIC SERVICES,65,4,498,503,2014, Objective: Biological explanations of psychopathology can reduce the,3,24337358,0,0,0,0,0,0,1,0,0,0,0,0,1,0,0,2,0,0,1,0,1,None listed,,Experiment comparing estimated prognosis estimates for those reading about symptoms only v symptoms and biology for generalized anxiety; also included anxiety-related qs about self but asked to evaluate general prognosis (not yours),Psychology/Psychiatry/Social Psychology,0,2,1,1,2,0,0,1,0
221,1,32," Ryskin, Rachel A. Brown-Schmidt, Sarah", Do Adults Show a Curse of Knowledge in False-Belief Reasoning? A Robust Estimate of the True Effect Size, PLOS ONE,9,3,,,2014, Seven experiments use large sample sizes to robustly estimate the effect,3,24667826,0,0,0,0,0,0,1,0,1,1,0,0,1,0,0,3,0,0,0,2,1,multiple similar experiments in both Mturk and student samples,,Used Mturk combined with students to create power for estimating effect size in replication of previous experiment; also extended to help understand mechanisms,Psychology/Psychiatry/Social Psychology,0,3,0,0,2,1,0,0,0
237,1,33," Tybur, Joshua M. Inbar, Yoel Guler, Ezgi Molho, Catherine", Is the relationship between pathogen avoidance and ideological conservatism explained by sexual strategies?, EVOLUTION AND HUMAN BEHAVIOR,36,6,489,497,2015, Multiple recent studies report that measures of pathogen avoidance,2,,0,0,0,1,0,0,0,0,0,0,0,0,0,1,0,3,0,0,2,0,2,used established scales and multiple similar experiments (all in agreement); used combination of all three studies for meta-analysis in supplement,,3 Mturk samples (1 with recruiting to Mturk study through other channels also) using different scales and covariates with SEM to find paths of relationship between conservatism and disgust sensitivity; more breadth of analysis by varying choice of scales/etc in experiments (and included items for other studies in same data collection),Psychology/Psychiatry/Social Psychology,0,2,0,1,2,1,0,1,0
248,1,34," Palmer, Colin J. Paton, Bryan Enticott, Peter G. Hohwy, Jakob", 'Subtypes' in the Presentation of Autistic Traits in the General Adult Population, JOURNAL OF AUTISM AND DEVELOPMENTAL DISORDERS,45,5,1291,1301,2015, The present study examined the presentation of autistic traits in a,2,25337855,0,0,0,0,0,0,0,0,0,0,0,0,0,1,0,2,1,2,3,1,3,Factor/Cluster/etc analysis; compared by gender,Mturk means non-representative sample but larger,Administered autism questionairre to non-clinical population and examined factors/clustering of traits to asses unary vs. multi-trait models,Psychology/Psychiatry/Social Psychology,0,2,1,1,2,0,0,0,0
253,1,35," de Leeuw, Joshua R.", jsPsych: A JavaScript library for creating behavioral experiments in a Web browser, BEHAVIOR RESEARCH METHODS,47,1,1,12,2015," Online experiments are growing in popularity, and the increasing",2,24683129,0,0,1,0,0,0,0,0,0,0,0,0,0,0,3,0,0,0,0,0,0,,nuanced discussion of remaining concerns re online experiments,Describes JS tool for creating web experiments for Mturk et al (see also discussion of other backend tools),Psychology/Psychiatry/Social Psychology,0,0,0,1,1,0,0,0,0
257,1,36," Chow, Jason T. Lau, Shun", Nature Gives Us Strength: Exposure to Nature Counteracts Ego-Depletion, JOURNAL OF SOCIAL PSYCHOLOGY,155,1,70,85,2015, Previous research rarely investigated the role of physical environment,2,25310796,0,0,0,0,0,0,1,0,0,1,0,0,0,1,0,2,0,0,1,1,1,Convergent results with lab experiments,May have lower performance motivation,Mturk for 3rd study after lab experiments on effect of displaying nature vs no or urban results moderating impact of ego depletion,Psychology/Psychiatry/Social Psychology,0,2,0,1,2,0,0,0,0
262,2,37," Biel, Joan-Isaac Gatica-Perez, Daniel", Mining Crowdsourced First Impressions in Online Social Video, IEEE TRANSACTIONS ON MULTIMEDIA,16,7,2062,2074,2014, While multimedia and social computing research have used crowdsourcing,2,,0,1,0,1,0,0,0,0,1,1,0,1,0,0,0,3,1,1,1,2,3,Iterative design process; no accept criteria (used design to filter); used post-HIT aggregation to minimize effect of error; used another HIT to validate at smaller scale,,Used to enhance existing Vlog dataset using workers to annotate personality/attractiveness/mood impressions - collected then analyzed with LDA to find archetypical personality types; subsequently attempted to replicate LDA results by training to them in regressions of autocodes,Computer Science,0,2,0,1,3,1,1,0,0
288,1,38," Swan, Lawton K. Heesacker, Martin", Evidence of a Pronounced Preference for Therapy Guided by Common Factors, JOURNAL OF CLINICAL PSYCHOLOGY,69,9,869,879,2013," ObjectiveRecent evidence presented in this journal (Swift & Callahan,",2,23381782,0,0,0,0,0,0,0,0,0,0,0,0,0,1,0,2,1,2,2,1,2,Include standard scales; compare with previous non-mturk research,underrepresents Hispanics and possibly other minority groups (race/ethnic/cultural),Compares workers attitudes (randomly assigned) toward evidence-based or common factor therapy plus controls,Psychology/Psychiatry/Social Psychology,0,2,0,0,2,0,0,1,0
291,1,39," Giacopelli, Nicole M. Simpson, Kaila M. Dalal, Reeshad S. Randolph, Kristen L. Holland, Samantha J.", Maximizing as a predictor of job satisfaction and performance: A tale of three scales, JUDGMENT AND DECISION MAKING,8,4,448,469,2013, Research on individual differences in maximizing (versus satisficing),2,,0,0,0,1,0,0,0,0,0,1,0,0,0,1,0,2,1,2,2,0,3,T-test of complete vs. 1-wave cases (only sig diffs in controls),still not representative (but see strat notes),"Collected 3 common maximizing scales plus work-related and demographic measures to test for measurement effects of scale choice and overall impact of maximizing with 2-wave (3-week lag) sample; ""stratified random sample of respondents on the basis of educational attainment""",Business/Finance,0,1,0,0,2,0,0,0,1
301,1,40," Winterboer, Andi K. Tietze, Martin I. Wolters, Maria K. Moore, Johanna D.", The user model-based summarize and refine approach improves information presentation in spoken dialog systems, COMPUTER SPEECH AND LANGUAGE,25,2,175,191,2011, A common task for spoken dialog systems (SDS) is to help users select a,2,,0,1,0,0,0,1,0,0,1,1,0,0,0,0,0,3,1,3,0,2,1,Partial replication of in-person experiments (except eye tracking); one round to validate then full round,no demog because unsure whether allowed in AMT privacy policy; also couldn't prevent distractions or use of memory aids even if said not to,"multi-cell survey experiment to compare voice-based search method effectiveness; replicated in-person studies, good example of reporting money/quals/etc well; used completion rate and time for criteria; also used Flash",Computer Science,0,1,0,1,2,1,1,1,0
302,1,41," Harris, Jonathan Gil"," Mechanical turks, mammet tricks and messianic time", POSTMEDIEVAL-A JOURNAL OF MEDIEVAL CULTURAL STUDIES,1, 1-2,80,87,2010, This essay considers the uncannily persistent figure of the Mechanical,2,,1,1,1,0,0,0,0,0,0,0,0,0,0,0,2,0,0,0,0,0,0,DON'T INCLUDE,,ABOUT AMT'S NAMESAKE NOT AMT,Cultural Studies,0,0,0,0,0,0,0,0,0
316,2,42," Thomas, David C. Liao, Yuan Aycan, Zeynep Cerdin, Jean-Luc Pekerti, Andre A. Ravlin, Elizabeth C. Stahl, Guenter K. Lazarova, Mila B. Fock, Henry Arli, Denni Moeller, Miriam Okimoto, Tyler G. van de Vijver, Fons"," Cultural intelligence: A theory-based, short form measure", JOURNAL OF INTERNATIONAL BUSINESS STUDIES,46,9,1099,1118,2015," This article reports the development and validation of a theory-based,",1,,0,0,0,1,0,0,0,0,1,1,0,0,0,1,0,2,1,0,1,1,2,"Tests for construct validity and measurement invariance consistent with other methods/nations/languages; Only mentions Mturk in footnotes as recruitment method for 3.75 out of 14 samples (1, 2, 13, most of 14)",[No formal test comparing different types of samples],Uses Mturk to recruit 3.75/14 international samples to pilot new cultural intellegence scale,Business/Finance,0,2,0,1,2,1,0,0,0
329,1,43," Singh, Gurjit Lau, Sin-Tung Pichora-Fuller, M. Kathleen", Social Support Predicts Hearing Aid Satisfaction, EAR AND HEARING,36,6,664,676,2015, Objectives: The goals of the current research were to determine: (1),0,26035144,NO FILE,,,,,,,,,,,,,,,,,,,,,,,,,,,,,,,,,
342,1,44," Effron, Daniel A. Lucas, Brian J. O'Connor, Kieran", Hypocrisy by association: When organizational membership increases condemnation for wrongdoing, ORGANIZATIONAL BEHAVIOR AND HUMAN DECISION PROCESSES,130,,147,159,2015, Hypocrisy occurs when people fail to practice what they preach. Four,1,,0,0,0,1,0,0,1,0,2,1,0,0,1,0,0,3,1,2,1,1,1,Series of similar experience; used materials like previous ones; removed non-US IP's and checked reading comprehension; final study (#4) had similar findings with lab experiment,,series of experiment to test hypocrisiy by association (actions inconsistent with org purpose/values judged more harshly) and possible alternative explanations/mediators; based sample size on rough power analysis by # of conditions; online supplement shows actual prompts as displayed,Business/Finance,0,3,0,0,2,1,0,0,0
347,1,45," Baruch, Rachel Levine Vishnevsky, Bella Kalman, Thomas", Split-Care Patients and Their Caregivers How Collaborative is Collaborative Care?, JOURNAL OF NERVOUS AND MENTAL DISEASE,203,6,412,417,2015, This study assessed the experiences of patients receiving split-care,1,25938507,0,1,0,0,2,0,0,0,0,0,0,0,0,1,0,3,1,0,2,0,2,Compared to estimates from other surveys of providers (rather than patient),Note non-representativeness and inability to know representativeness of subpop; also note limited validity checks and use of unvalidated questions that may have been leading questions,Surveyed workers with split-care mental health (meds and therapy by different providers) about communication and overall satisfaction; added 2 questions to second batch after initial analysis,Psychology/Psychiatry/Social Psychology,0,3,0,1,2,1,0,0,0
355,1,46," Harris, Jenine K. Mart, Adelina Moreland-Russell, Sarah Caburnay, Charlene A.", Diabetes Topics Associated With Engagement on Twitter, PREVENTING CHRONIC DISEASE,12,,,,2015, Introduction Social media are widely used by the general public and by,1,25950569,0,1,99,0,0,0,0,0,1,0,0,1,0,0,0,3,1,0,1,2,1,"ICR checks and checks based on other characteristics (# of tweets in dataset, etc)",,Asked 4 workers each to sort 700 Tweets about diabetes into non-exclusive classes developed by investigators; used Tweedle regression to find types of content associated with higher engagement; excellent reporting; used native Mturk interface; prime example of small chunking (1 tweet) but almost certainly did not take reported 3:26 per Tweet to classify,Public Health,0,3,0,0,3,0,1,0,0
384,1,47," Wickham, Robert E. Reed, David E. Williamson, Rachel E."," Establishing the psychometric properties of the Self and Perceived-partner Authenticity in Relationships Scale-Short Form (AIRS-SF): Measurement invariance, reliability, and incremental validity", PERSONALITY AND INDIVIDUAL DIFFERENCES,77,,62,67,2015, This article evaluates the psychometric properties of Self and,1,,0,1,0,1,0,0,0,0,2,1,0,0,0,1,0,1,0,0,1,1,2,Checked for similar reliability/validity with smaller college student sample(same Qualtrics instrument),Noted would be better with longitudinal and/or event dependent measures,"Used to develop measurement invariant short-form of actor and partner scales; not sure why older median age (36) and ""all participants reported being in a dating or marital relationship"" when they didn't describe quals",Psychology/Psychiatry/Social Psychology,0,2,0,1,2,1,0,0,0
388,1,48," Kriner, Douglas L. Shen, Francis X.", Reassessing American Casualty Sensitivity: The Mediating Influence of Inequality, JOURNAL OF CONFLICT RESOLUTION,58,7,1174,1201,2014, Scholars have long conceptualized public support for war as the product,1,,0,0,0,0,0,0,1,0,1,1,0,0,0,1,0,3,0,1,2,0,2,Compared to RDD survey,,"AMT for Stage 2 of experiment on relationship of conflict type, description, and number of casualties considered acceptable; nice differentiation of AMT from RDD by randomly assigning a single case rather than 4 sequential to each HIT; unable to download online supplement",Political Science/Conflict Resolution,0,3,0,1,2,0,0,0,0
389,1,49," Belanger, Jocelyn J. Caouette, Julie Sharvit, Keren Dugas, Michelle", The Psychology of Martyrdom: Making the Ultimate Sacrifice in the Name of a Cause, JOURNAL OF PERSONALITY AND SOCIAL PSYCHOLOGY,107,3,494,515,2014, Martyrdom is defined as the psychological readiness to suffer and,1,25133728,0,0,0,1,0,0,0,0,1,1,0,0,0,1,0,2,1,0,1,0,1,"Mturk part of 8 experiments (mix of AMT/lab/actual terrorists) with similar questions/formats but varying aspects including population, q's and longitudinality",,"AMT surveys of US and Canadian adults or US Christians for 3ish of 8 studies (others student or relevant incarcerated samples) on self-sacrifice values and martyrdom [""in exchange for small contributions toward an Amazon gift voucher""] - OY!",Psychology/Psychiatry/Social Psychology,0,2,0,1,2,1,0,0,0
391,1,50," Hahl, Oliver Zuckerman, Ezra W.", The Denigration of Heroes? How the Status Attainment Process Shapes Attributions of Considerateness and Authenticity, AMERICAN JOURNAL OF SOCIOLOGY,120,2,504,554,2014, This article develops and tests a theory to explain the common tendency,1,25811070,0,0,99,0,0,0,0,1,0,0,0,0,1,1,0,3,0,3,1,1,1,Multiple related studies,,3 experiments with simulated interactions and in/out-group conditions to test theories of high-status deference and denigration,Sociology,0,3,0,1,2,1,0,0,0
401,1,51," Shen, Jianhong Mack, Michael L. Palmeri, Thomas J.", Studying real-world perceptual expertise, FRONTIERS IN PSYCHOLOGY,5,,,,2014, Significant insights into visual cognition have come from studying,1,25147533,0,0,0,0,0,0,0,0,0,0,0,0,0,0,3,0,0,0,0,0,0,,,Paper describing best practices for in-person and web-based visual classification analysis; no data,Psychology/Psychiatry/Social Psychology,0,0,0,1,1,0,0,0,0
409,1,52," Tenenbaum, Rachel Z. Byrne, Conor J. Dahling, Jason J.", Interactive Effects of Physical Disability Severity and Age of Disability Onset on RIASEC Self-Efficacies, JOURNAL OF CAREER ASSESSMENT,22,2,274,289,2014," In this study, the authors focused on the context of physical",1,,0,0,0,0,0,0,0,0,0,0,0,0,0,1,0,2,1,3,2,1,2,,limited race/ethn diversity and potential limit to low-SES or sensory disability access,Self-efficacy study of physically disabled US adults testing for interaction of onset age with efficacy,Psychology/Psychiatry/Social Psychology,0,2,0,0,2,0,0,0,0
411,1,53," Karim, Michael N. Behrend, Tara S.", Reexamining the Nature of Learner Control: Dimensionality and Effects on Learning and Training Reactions, JOURNAL OF BUSINESS AND PSYCHOLOGY,29,1,87,99,2014, The purpose of this study was to advance learner control as a,1,,0,0,0,0,0,0,0,1,0,0,0,0,0,1,0,2,1,2,2,1,1,no mean difference between 2 modules used (charts or pivot tables),"couldn't ""directly track"" attrition rates or scheduling control… [not sure why]; relied on self-report measures of effectivess",Combined included Excel training with Mturk payments to incentivize recruitment in experiment testing effects of scheduling and content control on perceived effectiveness of online learning,Organizational Science,0,1,0,1,2,1,0,0,0
436,1,54," D'Mello, Sidney Mills, Caitlin", Emotions while writing about emotional and non-emotional topics, MOTIVATION AND EMOTION,38,1,140,156,2014, Research on the effects of expressive writing about emotional,1,,0,0,0,0,0,0,1,0,2,1,0,0,0,1,0,2,1,1,0,2,1,Follow up to in-person pilot; compared patterns in person/online (and found potential differences for those frustrated by format),Online design with questions interrupting writing time left some participants frustrated,(after similar in-person experiment) Workers asked to write on prompt for 12 minutes while asked every 1.5 about affective states; tested topics/states/outcomes(e.g. scores) relationship,Psychology/Psychiatry/Social Psychology,0,2,0,1,2,1,0,0,0
438,1,55," Hui, Chin Ming Bond, Michael Harris Molden, Daniel C.", Why Do(n't) Your Partner's Efforts at Self-Improvement Make You Happy? An Implicit Theories Perspective, PERSONALITY AND SOCIAL PSYCHOLOGY BULLETIN,38,1,101,113,2012, People often try to improve their interpersonal skills to satisfy,1,21868493,0,0,0,1,0,0,1,0,1,1,0,0,0,1,0,3,1,2,1,0,1,compare with in-person studies and used supplemental validity checks,,One of 3 experiments Manipulating impressions of science on self-improvement viability then tested interaction with perceived partner effort and impressions of partner,Psychology/Psychiatry/Social Psychology,0,3,0,0,2,1,0,0,0
464,2,56," Fessler, Daniel M. T. Holbrook, Colin Dashoff, David", Dressed to kill? Visible markers of coalitional affiliation enhance conceptualized formidability, AGGRESSIVE BEHAVIOR,42,3,299,309,2016, Displaying markers of coalitional affiliation is a common feature of,0,26847927,0,1,0,0,0,0,1,0,1,1,0,0,0,1,0,2,1,0,1,0,2,cp with in-person,,"Second study (1st in person used pictures, AMT used vignette) testing relat between exp manip of whether displaying affiliation increased perceived threat/size/agressiveness of unknown person",Anthropology,0,3,1,1,2,0,0,0,0
484,1,57," Donaldson, Candice D. Siegel, Jason T. Crano, William D."," Nonmedical use of prescription stimulants in college students: Attitudes, intentions, and vested interest", ADDICTIVE BEHAVIORS,53,,101,107,2016, Introduction: Research on vested interest theory (VIT) indicates that,0,,0,1,0,1,0,0,0,0,0,0,0,0,0,1,0,2,1,2,2,1,2,EFA used to verify scale and construction,,Surveyed US college students with assessed likelihood to abuse stimulants and assessed outcome if they were to for studying vested interest,Psychology/Psychiatry/Social Psychology,0,2,0,0,2,0,0,0,0
492,1,58," Reitz-Krueger, Cristina L. Warner, Todd C. Newsham, Rebecca L. Reppucci, N. Dickon", Who's to Blame? Perceptions of Adolescents' Maturity and Responsibility in Sexual Relationships With an Older Partner, PSYCHOLOGY PUBLIC POLICY AND LAW,22,1,105,113,2016, The wide variation in statutory rape and consent laws across states,0,,0,0,0,0,0,0,0,0,0,0,0,0,1,0,0,1,1,0,1,0,1,None listed,,Asked workers to decide whether minors were too young for consent in 15 situations (same for each person),Psychology/Psychiatry/Social Psychology,0,1,0,0,2,0,0,0,0
507,1,59," Campbell, John Chao, Bernard Robertson, Christopher Yokum, David V.", Countering the Plaintiff's Anchor: Jury Simulations to Evaluate Damages Arguments, IOWA LAW REVIEW,101,2,543,571,2016, Numerous studies have shown that the amount of a juror's damages,0,,0,1,99,0,0,0,1,0,0,0,0,0,0,1,0,2,1,0,1,2,1,test for diff by demog cat,workers more likely to be distracted than real jurors,"Workers were given jury simulations (32 minute video, 1 minute diff) and presented with different plaintiff requested damages and defense responses to understand effects on awards",Law,0,2,1,1,2,0,0,0,0
524,1,60," Lutz, Johannes", The Validity of Crowdsourcing Data in Studying Anger and Aggressive Behavior A Comparison of Online and Laboratory Data, SOCIAL PSYCHOLOGY,47,1,38,51,2016, Crowdsourcing platforms provide an affordable approach for recruiting,0,,0,0,1,0,0,0,0,1,2,1,0,0,0,1,0,2,1,3,3,1,3,Cross platform and lab tests; included compliance check,,"Compares composition, compliance, results between lab, 3 types of AMT samples, and 2 other crowdsource platforms [CONTROLLED DROPOUT = GOOD IDEA]; also nice pay discussion (although could have bonused Turkers post-hoc)",Psychology/Psychiatry/Social Psychology,0,2,0,0,1,1,0,0,0
548,1,61," Bikmen, Nida", Still a Nation of Immigrants? Effects of Constructions of National History on Attitudes toward Immigrants, ANALYSES OF SOCIAL ISSUES AND PUBLIC POLICY,15,1,282,302,2015," In the United States, the phrase nation of immigrants is used to both",0,,0,0,99,0,0,0,1,0,0,0,0,0,0,1,0,2,1,1,2,0,2,Compare findings with others,Potential susceptibility to demand (give resrch what they want),2x2 experiment varied vignette emph similarity or diff between present and past immigrants and Mexican/Russian immigrants to check threat theory,Psychology/Psychiatry/Social Psychology,0,1,0,1,2,0,0,0,0
555,1,62," Maheux, Annie Price, Matthew", Investigation of the Relation Between PTSD Symptoms and Self-Compassion: Comparison Across DSM IV and DSM 5 PTSD Symptom Clusters, SELF AND IDENTITY,14,6,627,637,2015, Self-compassion is posited to protect against posttraumatic stress,0,,0,0,0,0,0,0,0,0,2,0,0,0,0,1,0,2,1,2,2,0,2,compare with previous and with student sample,may limit accuracy,Collected measures consistent with previous (DSM-IV) and current (DSM-5) PTSD diagnoses to investigate relation of self-compassion and PTSD symptoms in light of diffs,Psychology/Psychiatry/Social Psychology,0,2,1,1,2,0,0,0,0
568,1,63," Zou, Christopher Andersen, Judith P."," Comparing the Rates of Early Childhood Victimization across Sexual Orientations: Heterosexual, Lesbian, Gay, Bisexual, and Mostly Heterosexual", PLOS ONE,10,10,,,2015, Few studies have examined the rates of childhood victimization among,0,26444428,0,0,99,0,0,0,0,0,0,0,0,0,0,1,0,2,1,2,2,2,2,cross checked stricter missing data handling methods,relied on self-report,"Studied variation between hetro, L, G, B, T and ""mostly heterosexual"" experience of victimization",Psychology/Psychiatry/Social Psychology,0,3,1,0,2,0,0,0,0
570,1,64," Attridge, Nina Noonan, Donna Eccleston, Christopher Keogh, Edmund", The disruptive effects of pain on n-back task performance in a large general population sample, PAIN,156,10,1885,1891,2015," Pain captures attention, displaces current concerns, and prioritises",0,26020226,NO FILE,,,,,,,,,,,,,,,,,,,,,,,,,,,,,,,,,
572,1,65," Garcia, Danilo Adrianson, Lillemor Archer, Trevor Rosenberg, Patricia"," The Dark Side of the Affective Profiles: Differences and Similarities in Psychopathy, Machiavellianism, and Narcissism", SAGE OPEN,5,4,,,2015, The affective profiles model is based on the combination of individuals',0,,0,1,0,0,0,0,0,0,0,0,0,0,0,1,0,2,1,2,3,2,2,k-means cross checked with quartile based grouping,,Survey of affective and dark triad profiles to test theories of relatedness,Psychology/Psychiatry/Social Psychology,0,2,1,0,2,0,0,0,0
574,1,66," Seligowski, Antonia V. Orcutt, Holly K.", Examining the Structure of Emotion Regulation: A Factor-Analytic Approach, JOURNAL OF CLINICAL PSYCHOLOGY,71,10,1004,1022,2015, Objective: Critiques of self-report indices of emotion regulation,0,26202046,0,1,99,1,0,0,0,0,0,1,0,0,0,1,0,2,1,2,1,2,1,data screened for assumptions of CFA,Can't distinguish in this survey between if 4-factor is right but poorly measured or if 5-factor is true,Psych batteries surveyed to test need for more factors in emotion regulation models,Psychology/Psychiatry/Social Psychology,0,2,0,1,2,0,0,0,0
577,1,67," Siegel, Jason T. Navarro, Mario A. Thomson, Andrew L."," The impact of overtly listing eligibility requirements on MTurk: An investigation involving organ donation, recruitment scripts, and feelings of elevation", SOCIAL SCIENCE & MEDICINE,142,,256,260,2015, Rationale: Investigations conducted through Amazon's Mechanical Turk,0,26322721,1,1,1,0,0,1,1,0,0,1,0,0,0,1,0,3,1,0,1,0,1,2 days 4 waves alternating order (and started different each day),,2x2 experiment: whether quals to be analyzed overt or covert and manipulation of emotion level in story to check relationship of qual specs and value for analyzing organ donation intentions; did so by putting alt versions up for hour then pulling and replacing (unclear whether repeats were excluded),Med/Biostat/Public Health,0,1,0,0,1,1,0,0,0
593,1,68," Newman, Eryn J. Garry, Maryanne Unkelbach, Christian Bernstein, Daniel M. Lindsay, D. Stephen Nash, Robert A.", Truthiness and Falsiness of Trivia Claims Depend on Judgmental Contexts, JOURNAL OF EXPERIMENTAL PSYCHOLOGY-LEARNING MEMORY AND COGNITION,41,5,1337,1348,2015, When people rapidly judge the truth of claims presented with or without,0,25822783,0,0,0,0,0,0,1,0,0,1,0,0,1,0,0,3,0,0,0,1,1,"Multiple experiments with varied conditions and structures- tried within-subject, between subject, and mixed (within and between) with similar results",,Experiment on whether presence and relatedness of photo with T/F question changes truthiness,Psychology/Psychiatry/Social Psychology,0,1,0,1,2,1,1,1,0
606,1,69," Raines, Amanda M. Allan, Nicholas P. Oglesby, Mary E. Short, Nicole A. Schmidt, Norman B.", Examination of the relations between obsessive-compulsive symptom dimensions and fear and distress disorder symptoms, JOURNAL OF AFFECTIVE DISORDERS,183,,253,257,2015, Background: Whereas prior work has established fear and distress,0,26042633,0,0,0,0,0,0,0,0,0,0,0,0,0,1,0,2,1,2,2,1,2,multiple fit tests for SEM and factors,,Survey test of relat between OCD subtypes and panic and/or worry(fear) factors in general population,Psychology/Psychiatry/Social Psychology,0,2,1,0,2,0,0,0,0
608,1,70," Campisi, Jay Folan, Denis Diehl, Grace Kable, Timothy Rademeyer, Candice"," Social media users have different experiences, motivations, and quality of life", PSYCHIATRY RESEARCH,228,3,774,780,2015, While the number of individuals participating in internet-based social,0,26054935,0,1,0,1,0,0,0,0,0,0,0,0,0,1,0,2,1,0,2,1,2,,,"Survey on new social network use measures (freq, purpose, etc) and WHO health questionaiire with QoL to test relationship of social network usage and QoL",Psychology/Psychiatry/Social Psychology,0,1,1,1,2,0,0,0,0
609,1,71," Yarkoni, Tal Ashar, Yoni K. Wager, Tor D.", Interactions between donor Agreeableness and recipient characteristics in predicting charitable donation and positive social evaluation, PEERJ,3,,,,2015, Agreeable people are more likely to display prosocial attitudes and,0,26312168,0,0,0,0,0,0,0,1,0,0,0,0,0,1,0,3,1,0,3,1,3,Used validated scales and tested completely randomized combos of choices,,Experiment asked workers impressions and to assign donation from their bonus based on bios and pics from set of 280K possible configurations to test affects of agreeableness and normative impression of targets in determining donations; all data on GitHub and well documented concise paper; survey tool developed in Ruby on Rails,Psychology/Psychiatry/Social Psychology,3,3,1,1,2,1,1,0,0
610,1,72," Quisenberry, Amanda J. Eddy, Celia R. Patterson, David L. Franck, Christopher T. Bickel, Warren K.", Regret Expression and Social Learning Increases Delay to Sexual Gratification, PLOS ONE,10,8,,,2015, Objective,0,26280349,0,1,99,1,0,0,1,0,0,0,0,0,1,1,0,3,1,1,2,1,3,Included similar scales from other domains and multiple tests of relatedness,,"Piloted measures of sexual gratification delay (to get condom) in light of attractiveness and STI risk using experiment between positive, negative (STI) and negative with regret conditions in priming vignette; also note inclusion of consent form in HIT preview",Med/Biostat/Public Health,3,3,1,0,2,0,0,0,0
615,1,73," Caza, Arran Zhang, Gang Wang, Lu Bai, Yuntao", How do you really feel? Effect of leaders' perceived emotional sincerity on followers' trust, LEADERSHIP QUARTERLY,26,4,518,531,2015, We extend research on leadership and emotions by addressing two,0,,"COULD NOT BE VERIFIED AS MTURK (cited Mturk papers in supporting representativeness of ""online participant recruting"" but never mentioned platform)",,,,,,,,,,,,,,,,,,,,,,,,,,,,,,,,,
628,1,74," Suchow, Jordan W.", Building a Social Network One Choice at a Time, PLOS ONE,10,7,,,2015," Newcomers to a social network show preferential attachment, a tendency",0,26186607,0,0,0,1,0,0,0,0,2,0,0,0,1,0,0,2,1,1,0,0,1,,,Used distribution of preference parameters by individuals in selecting 2 likely friends from displayed network diagram to simulate differences in size/structure of online networks in general; NOTE choice of scale-free network to display is potentially problematic and reporting of connections between data and sims are limited,Psychology/Psychiatry/Social Psychology,0,2,0,0,2,0,0,0,0
629,1,75," Gaspar, Joseph P. Seabright, Mark A. Reynolds, Scott J. Yam, Kai Chi", Counterfactual and Factual Reflection: The Influence of Past Misdeeds on Future Immoral Behavior, JOURNAL OF SOCIAL PSYCHOLOGY,155,4,370,380,2015, Though the decision to behave immorally is situated within the context,0,25668142,0,0,0,0,0,0,1,1,0,1,0,0,0,1,0,2,0,0,1,1,1,Comparison across 4 related experiments,Results could reflect social desirability rather than priming (because of should language),Sequence of experiments to compare effects of reflecting factually (what happened) vs. counterfactually (what should you have done) on a past immoral/unethical action,Psychology/Psychiatry/Social Psychology,0,2,0,1,2,1,0,0,0
637,1,76," Stroessner, Steven J. Scholer, Abigail A. Marx, David M. Weisz, Bradley M."," When threat matters: Self-regulation, threat salience, and stereotyping", JOURNAL OF EXPERIMENTAL SOCIAL PSYCHOLOGY,59,,77,89,2015, Four experiments examined whether information implying imminent threat,0,,0,0,0,0,0,0,1,0,0,1,0,0,0,1,0,2,0,0,1,0,1,4 related experiments,,4 related experiments varying stereotypicality of threat on risk assesment in potentially dangerous scenarios,Psychology/Psychiatry/Social Psychology,0,2,0,1,2,1,0,0,0
650,1,77," Shaer, Orit Nov, Oded Okerlund, Johanna Balestra, Martina Stowell, Elizabeth Ascher, Laura Bi, Joanna Schlenker, Claire Ball, Madeleine", Informing the Design of Direct-to-Consumer Interactive Personal Genomics Reports, JOURNAL OF MEDICAL INTERNET RESEARCH,17,6, E146, U186,2015," Background: In recent years, people who sought direct-to-consumer",0,26070951,0,1,0,1,0,0,0,0,1,0,0,0,1,0,0,3,1,1,1,2,1,related studies of 3 pops (final on Mturk),,Builds on two face-to-face studies to test effects of various display formats for comprehension of personal genetic information reports (Mturk used for non-expert audience sample),Computer Science & Engineering,0,3,0,1,2,1,0,0,0
669,2,78," Sevier, Justin"," Testing Tribe's Triangle: Juries, Hearsay, and Psychological Distance", GEORGETOWN LAW JOURNAL,103,4,879,931,2015," Since its inception, evidence policymakers have vacillated with respect",0,,0,0,0,0,0,0,0,1,0,0,0,0,1,0,0,3,0,0,1,0,1,,,2 studies varying hearsay conditions in vignettes to compare theories of juror ability to correctly evaluate limitations of hearsay evidence,Law,0,3,0,0,2,1,0,0,0
675,1,79," Crangle, Colleen E. Kart, Joyce Brothers", A questions-based investigation of consumer mental-health information, PEERJ,3,,,,2015, Despite the wealth of mental-health information available online to,0,25870768,0,1,0,0,0,0,0,0,2,1,0,0,0,1,0,2,0,1,0,2,1,Iterative design coding questions from Mturk by experts then comparing with Mturk,,"Used Mturk in 2 phases, first to solicit verbatim questions that members of the public would search for about mental health then (after questions coded by investigators) had workers code whether first result for question at NIMH site answered the question",Psychology/Psychiatry/Social Psychology,2,2,0,0,2,0,0,0,0
693,1,80," Halkjelsvik, Torleif Rise, Jostein", Disgust in fear appeal anti-smoking advertisements: The effects on attitudes and abstinence motivation, DRUGS-EDUCATION PREVENTION AND POLICY,22,4,362,369,2015, Aims: The use of fear appeals with disgusting graphical content is part,0,,NO FILE,,,,,,,,,,,,,,,,,,,,,,,,,,,,,,,,,
698,1,81," Newton, Joshua D. Wong, Jimmy Newton, Fiona J.", The Social Status of Health Message Endorsers Influences the Health Intentions of the Powerless, JOURNAL OF ADVERTISING,44,2,151,160,2015, Message endorsers are often used to encourage at-risk populations to,0,,0,0,99,1,0,0,1,0,0,1,0,0,0,1,0,2,1,3,0,1,1,3 related studies,,"Used Mturk for 3 main studies, each with a paid screener and subsequent paid study for qualifying workers varying health endorser status and (in #3) priming need for power; also used Mturk to pilot the measures and ensure status perceptions fit",Marketing/Public Health,0,2,0,1,2,1,0,0,0
710,1,82," Schumann, Karina Dweck, Carol S.", Who Accepts Responsibility for Their Transgressions?, PERSONALITY AND SOCIAL PSYCHOLOGY BULLETIN,40,12,1598,1610,2014," After committing an offense, transgressors can optimize their chances of",0,25252938,0,0,0,0,0,0,1,0,2,1,0,0,1,1,0,2,0,0,1,1,1,"followed lab study; after Mturk, open ended responses then coded by two trained researchers",,Induced theory of personality by manipulating article read before questions then responded to conflict scenarios with both ratings and open-ended responses/apologies (then coded for whether containing admissions/apoligies/responsibility); another study similar but with scenarios where fault would be less clear; final study used survey measures of theory of personality rather than manipulation,Psychology/Psychiatry/Social Psychology,0,2,0,0,2,1,0,0,0
715,2,83," De Vito, Stefania Bonnefon, Jean-Francois", People believe each other to be selfish hedonic maximizers, PSYCHONOMIC BULLETIN & REVIEW,21,5,1331,1338,2014, Current computational models of theory of mind typically assume that,0,24519484,0,0,0,0,0,0,1,0,0,0,0,0,1,0,0,2,0,0,1,0,1,two related experiments,,"Workers evaluated expected pleasure for each party, experimentally varied on whether actor and object are each likely to benefit (2x2); second experiment also tested effect of knowing friendship and whether workers felt info on benefit to actor (but not recipient) would be useful in knowing whether actor is likely to take action",Psychology/Psychiatry/Social Psychology,0,2,0,1,2,1,0,0,0
721,1,84," Mok, Ricky K. P. Li, Weichao Chang, Rocky K. C.", A User Behavior based Cheat Detection Mechanism for Crowdtesting, ACM SIGCOMM COMPUTER COMMUNICATION REVIEW,44,4,123,124,2014, Crowdtesting is increasingly popular among researchers to carry out,0,,"POSTER ONLY, NOT COMPLETE STUDY",,,,,,,,,,,,,,,,,,,,,,,,,,,,,,,,,
724,1,85," Andersson, Marta Spenader, Jennifer", RESULT and PURPOSE relations with and without 'so', LINGUA,148,,1,27,2014, Coherence relations differ in their tendency to be explicitly marked.,0,,0,0,0,1,0,0,1,0,0,1,0,0,1,0,0,2,1,1,1,1,1,multiple experiments; comparison with previous findings; did not limit work by native language but did limit results (covert selection),,Embedded series of 6 experiments in a single HIT to test how inclusion of optional signals in certain language patterns affected conveying of purpose in both composition and comprehension,Linguistics,0,2,0,0,3,1,1,0,0
726,1,86," Matsubara, Shigeo Wang, Meile", Preventing Participation of Insincere Workers in Crowdsourcing by Using Pay-for-Performance Payments, IEICE TRANSACTIONS ON INFORMATION AND SYSTEMS, E97D,9,2415,2422,2014, We propose a method for finding an appropriate setting of a,0,,0,1,0,1,0,0,0,0,0,0,0,1,0,0,0,3,1,3,0,2,1,Multi-categories,As few as 3 correct answers can earn a sincere label (still worse than random),Describes and demonstrates a method for estimating ideal combination of fixed and bonus pay to discourage insincere (random-clicking) workers from completing HITs,Computer Science & Engineering,0,3,0,0,1,1,0,0,0
729,1,87," Vinson, David W. Abney, Drew H. Dale, Rick Matlock, Teenie", High-level context effects on spatial displacement: the effects of body orientation and language on memory, FRONTIERS IN PSYCHOLOGY,5,,,,2014, Three decades of research suggests that cognitive simulation of motion,0,25071628,0,1,0,0,0,0,0,1,1,1,0,0,1,0,0,2,1,0,0,1,1,Compare with similar lab study,,(Adobe flash) displayed  static image of man falling from cliff briefly then had users recall his position to test spatial displacement,Psychology/Psychiatry/Social Psychology,0,3,0,1,2,0,0,0,0
731,1,88," Ahler, Douglas J.", Self-Fulfilling Misperceptions of Public Polarization, JOURNAL OF POLITICS,76,3,607,620,2014, Mass media convey deep divisions among citizens despite scant evidence,0,,0,0,0,0,0,0,1,0,1,1,0,0,1,0,0,3,0,0,0,0,1,Compare to pop-based survey in CA,,Asked subject opinions on ANES political polarization questions after either (1)asking what they thought typical liberal/conservatives would answer; (2) showing true means for liberals and conservatives or (3) showing falsely polarized means; FINDINGS = people estimate closer to distorted but moderate reports of their own when shown true range,Political Science/Conflict Resolution,0,2,0,0,2,0,0,0,0
732,1,89," Amirkhani, Hossein Rahmati, Mohammad", Agreement/disagreement based crowd labeling, APPLIED INTELLIGENCE,41,1,212,222,2014," In many supervised learning problems, determining the true labels of",0,,0,1,0,1,0,0,0,0,2,1,0,1,0,0,0,3,0,0,0,0,1,Compare to simulation,,Presented model for improving majority voting estimation of true answers with an agreement/disagreement method,Computer Science & Engineering,3,3,0,0,1,1,0,0,0
735,1,90," DeArmond, Sarah Matthews, Russell A. Bunk, Jennifer", Workload and Procrastination: The Roles of Psychological Detachment and Fatigue, INTERNATIONAL JOURNAL OF STRESS MANAGEMENT,21,2,137,161,2014," In the present study, the self-control and recovery/detachment research",0,,NOT MTURK (used internet panel),,,,,,,,,,,,,,,,,,,,,,,,,,,,,,,,,
760,1,91," Schiller, TW Ernst, MD", Reducing the Barriers to Writing Verified Specifications, ACM SIGPLAN NOTICES,47,10,95,111,2012," Formally verifying a program requires significant skill not only because of complex interactions between program sub-components, but also because of deficiencies in current verification interfaces. These skill barriers make verification economically unattractive by preventing the use of less-skilled (less-expensive) workers and distributed workflows (i.e., crowdsourcing).",0,,0,1,0,1,0,0,0,0,1,1,0,1,0,0,0,2,1,1,0,2,1,,,Used Mturk to test whether java verification tool could be used with crowdsourced labor; result = NO-> very few workers willing to accept task and pay rates to keep workers on task would need to be higher than online contract tech labor sources,Computer Science & Engineering,0,1,0,1,1,1,0,0,0
